stories,occupancy,replacement_cost,replacement_time
3,office,11250000,8035.71429
3,healthcare,18000000,12857.14286
6,office,22500000,16071.42857
6,healthcare,36000000,25714.28571
9,office,33750000,24107.14286
9,healthcare,54000000,38571.42857
